<application>
  <component name="FileTypeManager" version="17">
    <extensionMap>
      <mapping pattern="scratch.rb" type="JSON" />
      <mapping pattern="elasticsearch" type="PLAIN_TEXT" />
      <mapping pattern="expected_controllers" type="PLAIN_TEXT" />
      <mapping pattern="RAHFSGC1_GCNSEQNO_LINK" type="PLAIN_TEXT" />
      <mapping pattern="web" type="PLAIN_TEXT" />
      <mapping pattern="database" type="PLAIN_TEXT" />
      <mapping pattern=".keep" type="PLAIN_TEXT" />
      <mapping pattern="secrets" type="PLAIN_TEXT" />
      <mapping pattern="apm" type="PLAIN_TEXT" />
      <mapping ext="keep" type="PLAIN_TEXT" />
      <mapping ext="pem" type="PLAIN_TEXT" />
      <removed_mapping ext="bat" approved="true" type="PLAIN_TEXT" />
      <removed_mapping ext="log" approved="true" type="PLAIN_TEXT" />
      <removed_mapping ext="cmd" approved="true" type="PLAIN_TEXT" />
      <mapping ext="sample" type="YAML" />
      <removed_mapping ext="bat" approved="true" type="PLAIN_TEXT" />
      <removed_mapping ext="log" approved="true" type="PLAIN_TEXT" />
      <removed_mapping ext="dockerfile" approved="true" type="textmate" />
      <removed_mapping ext="makefile" approved="true" type="textmate" />
      <removed_mapping ext="cmd" approved="true" type="PLAIN_TEXT" />
      <removed_mapping ext="snakefile" approved="true" type="textmate" />
    </extensionMap>
  </component>
</application>