<code_scheme name="Default" version="173">
  <Ruby>
    <option name="CONVERT_BRACE_BLOCK_BY_ENTER" value="false" />
  </Ruby>
  <codeStyleSettings language="JavaScript">
    <indentOptions>
      <option name="INDENT_SIZE" value="2" />
      <option name="CONTINUATION_INDENT_SIZE" value="2" />
      <option name="TAB_SIZE" value="2" />
    </indentOptions>
  </codeStyleSettings>
  <codeStyleSettings language="ruby">
    <option name="KEEP_BLANK_LINES_IN_DECLARATIONS" value="1" />
    <option name="ALIGN_MULTILINE_PARAMETERS" value="false" />
    <option name="SPACE_WITHIN_BRACES" value="true" />
    <indentOptions>
      <option name="CONTINUATION_INDENT_SIZE" value="2" />
      <option name="USE_RELATIVE_INDENTS" value="false" />
    </indentOptions>
  </codeStyleSettings>
</code_scheme>