<keymap version="1" name="Mac OS X 10.5+ copy" parent="Mac OS X 10.5+">
  <action id="Annotate">
    <keyboard-shortcut first-keystroke="shift ctrl a" />
  </action>
  <action id="CloseAllEditorsButActive">
    <keyboard-shortcut first-keystroke="shift meta w" />
  </action>
  <action id="EditorCloneCaretAbove">
    <keyboard-shortcut first-keystroke="shift ctrl up" />
  </action>
  <action id="EditorCloneCaretBelow">
    <keyboard-shortcut first-keystroke="shift ctrl down" />
  </action>
  <action id="EditorDecreaseFontSize">
    <keyboard-shortcut first-keystroke="shift ctrl minus" />
  </action>
  <action id="EditorIncreaseFontSize">
    <keyboard-shortcut first-keystroke="shift ctrl equals" />
  </action>
  <action id="Macro.run whole test file">
    <keyboard-shortcut first-keystroke="ctrl meta alt r" />
  </action>
  <action id="MoveTabRight">
    <keyboard-shortcut first-keystroke="shift meta back_slash" />
  </action>
  <action id="Unsplit">
    <keyboard-shortcut first-keystroke="shift ctrl meta back_slash" />
  </action>
</keymap>